,loss,mean_squared_error,val_loss,val_mean_squared_error
0,3661.684283690019,0.01862429454922676,1380.8646021133814,0.007023440673947334
