,loss,mean_squared_error,val_loss,val_mean_squared_error
0,3004.234592264349,0.015280327759683132,1987.352999173678,0.010108199901878834
