,loss,mean_squared_error,val_loss,val_mean_squared_error
0,146646093274.1749,146645991424.0,292389.06995292887,292389.09375
