,loss,mean_squared_error,val_loss,val_mean_squared_error
0,3234.125712308017,0.016449613496661186,1400.6226133688901,0.0071239350363612175
